Country Name,Country Code,Indicator Name,Indicator Code,1960,1961,1962,1963,1964,1965,1966,1967,1968,1969,1970,1971,1972,1973,1974,1975,1976,1977,1978,1979,1980,1981,1982,1983,1984,1985,1986,1987,1988,1989,1990,1991,1992,1993,1994,1995,1996,1997,1998,1999,2000,2001,2002,2003,2004,2005,2006,2007,2008,2009,2010,2011,2012,2013,2014,2015,2016,2017,2018,2019,2020,2021
Aruba,ABW,"Intentional homicides, female (per 100,000 female)",VC.IHR.PSRC.FE.P5,,,,,,,,,,,,,,,,,,,,,,,,,,,,,,,0,,,,,0,,,,2.180644599,,4.14516363,2.019957177,1.972153197,0,1.906432303,1.890537858,0,1.882920032,1.882813677,0,0,1.862370798,1.85013876,0,,,,,,,
Africa Eastern and Southern,AFE,"Intentional homicides, female (per 100,000 female)",VC.IHR.PSRC.FE.P5,,,,,,,,,,,,,,,,,,,,,,,,,,,,,,,,,,,,,,,,,,,,,,,,,,,,,,,,,,,,,,
Afghanistan,AFG,"Intentional homicides, female (per 100,000 female)",VC.IHR.PSRC.FE.P5,,,,,,,,,,,,,,,,,,,,,,,,,,,,,,,,,,,,,,,,,,,,,,,,,,,,,,,,0.555972801,0.587344733,0.753791942,0.84629141,1.285650466,,
Africa Western and Central,AFW,"Intentional homicides, female (per 100,000 female)",VC.IHR.PSRC.FE.P5,,,,,,,,,,,,,,,,,,,,,,,,,,,,,,,,,,,,,,,,,,,,,,,,,,,,,,,,,,,,,,
Angola,AGO,"Intentional homicides, female (per 100,000 female)",VC.IHR.PSRC.FE.P5,,,,,,,,,,,,,,,,,,,,,,,,,,,,,,,,,,,,,,,,,,,,,,,,,,,,,,,,,,,,,,
Albania,ALB,"Intentional homicides, female (per 100,000 female)",VC.IHR.PSRC.FE.P5,,,,,,,,,,,,,,,,,,,,,,,,,,,,,,,,,0.869710529,0.999347925,0.754796258,1.646177039,1.782886455,11.3288338,5.593020938,4.19365661,0.841021129,2.526687325,2.527139207,1.360829873,1.233024017,1.368225249,1.508889326,1.589298722,1.271954606,0.473777755,1.29873592,1.531681749,1.805706031,1.679177241,0.912785456,1.127500585,1.200667571,0.919000043,1.060551105,0.919294434,0.636903911,
Andorra,AND,"Intentional homicides, female (per 100,000 female)",VC.IHR.PSRC.FE.P5,,,,,,,,,,,,,,,,,,,,,,,,,,,,,,,,,,,,,,,,,,,,,,,,0,2.431462318,0,0,0,0,0,0,0,,,,,,
Arab World,ARB,"Intentional homicides, female (per 100,000 female)",VC.IHR.PSRC.FE.P5,,,,,,,,,,,,,,,,,,,,,,,,,,,,,,,,,,,,,,,,,,,,,,,,,,,,,,,,,,,,,,
United Arab Emirates,ARE,"Intentional homicides, female (per 100,000 female)",VC.IHR.PSRC.FE.P5,,,,,,,,,,,,,,,,,,,,,,,,,,,,,,,,,,,,,,,,,,,,,,,,,,,0.833155151,0.647293551,0.698732937,0.718460033,0.616831699,0.358060957,,,,0.699133075,,
Argentina,ARG,"Intentional homicides, female (per 100,000 female)",VC.IHR.PSRC.FE.P5,,,,,,,,,,,,,,,,,,,,,,,,,,,,,,,,,,,,,,,,,,,,,,,,,,,,,,,,1.752220135,,1.811936773,1.755429744,1.782969459,1.607145334,
Armenia,ARM,"Intentional homicides, female (per 100,000 female)",VC.IHR.PSRC.FE.P5,,,,,,,,,,,,,,,,,,,,,,,,,,,,,,,1.25033617,1.641859472,,3.075669771,1.426715854,1.127807609,1.375069277,1.305923638,0.94096678,1.177237357,1.587317358,1.135090247,1.216879075,0.6787339,1.383858424,0.696470541,1.658073383,0.835412225,1.706267649,1.627581915,0.65318365,1.241709952,1.239412805,1.23510239,1.294914934,1.354641194,0.900244545,0.705387299,0.703711309,0.638382492,1.019441384,
American Samoa,ASM,"Intentional homicides, female (per 100,000 female)",VC.IHR.PSRC.FE.P5,,,,,,,,,,,,,,,,,,,,,,,,,,,,,,,,,,,,,,,,,,,,,,,,,,,,,,,,,,,,,,
Antigua and Barbuda,ATG,"Intentional homicides, female (per 100,000 female)",VC.IHR.PSRC.FE.P5,,,,,,,,,,,,,,,,,,,,,,,,,,,,,,,3.103758652,6.116956203,2.999310159,0,2.857632737,5.573359342,2.716653083,0,,,,1.900541926,3.016118135,,,,,,11.19494884,,,,,,,2.060029252,4.081466063,4.045389268,6.016485169,1.989495464,1.973982905,
Australia,AUS,"Intentional homicides, female (per 100,000 female)",VC.IHR.PSRC.FE.P5,,,,,,,,,,,,,,,,,,,,,,,,,,,,,,,1.622476329,1.658056176,1.339194656,1.34002604,1.284950294,1.545798336,1.235339115,1.318395032,1.141214615,1.311656171,1.429368816,1.206554948,1.246264809,0.979918636,0.928994657,0.933517177,0.903605321,0.81534592,0.946745296,0.700410619,0.845536413,0.798455043,0.724037161,0.806874918,0.794519036,0.704478537,0.656958679,0.510494428,0.672065647,0.537469148,0.578068277,
Austria,AUT,"Intentional homicides, female (per 100,000 female)",VC.IHR.PSRC.FE.P5,,,,,,,,,,,,,,,,,,,,,,,,,,,,,,,0.98955571,1.156491358,1.049853269,0.847555647,1.27315966,0.921019741,1.219886237,0.899984266,0.816583126,0.766078596,1.290030931,1.003925414,0.900815979,0.556785092,0.755686949,0.570047189,0.684475621,0.56756767,0.677357074,0.655150728,0.695845316,0.808178956,0.873054037,0.685465168,0.522423911,0.383746225,0.695190404,0.824106679,0.973572162,0.879947062,0.810211467,
Azerbaijan,AZE,"Intentional homicides, female (per 100,000 female)",VC.IHR.PSRC.FE.P5,,,,,,,,,,,,,,,,,,,,,,,,,,,,,,,,,,,,,,,,,,,,,,,,,,,1.360432266,1.626722319,1.243020334,1.482152763,1.820338453,1.489379483,1.452801349,1.539107714,1.303575708,1.19239609,1.556800251,
Burundi,BDI,"Intentional homicides, female (per 100,000 female)",VC.IHR.PSRC.FE.P5,,,,,,,,,,,,,,,,,,,,,,,,,,,,,,,,,,,,,,,,,,,,,,,,,,,,,,2.012517861,2.051600983,1.520675632,2.323935878,,,,,
Belgium,BEL,"Intentional homicides, female (per 100,000 female)",VC.IHR.PSRC.FE.P5,,,,,,,,,,,,,,,,,,,,,,,,,,,,,,,,,,,,,,,,,1.588067291,1.952913533,2.499260994,1.774213557,2.368186046,1.716030618,1.623401978,1.603930953,1.300757657,1.378012411,1.247788009,1.647444892,1.369485926,1.739801556,1.419553537,,,,,,,
Benin,BEN,"Intentional homicides, female (per 100,000 female)",VC.IHR.PSRC.FE.P5,,,,,,,,,,,,,,,,,,,,,,,,,,,,,,,,,,,,,,,,,,,,,,,,,,,,,,,,,,,,,,
Burkina Faso,BFA,"Intentional homicides, female (per 100,000 female)",VC.IHR.PSRC.FE.P5,,,,,,,,,,,,,,,,,,,,,,,,,,,,,,,,,,,,,,,,,,,,,,,,,,,,,,,,,,,,,,
Bangladesh,BGD,"Intentional homicides, female (per 100,000 female)",VC.IHR.PSRC.FE.P5,,,,,,,,,,,,,,,,,,,,,,,,,,,,,,,,,,,,,,,,,,,,,,,,,,,,,,,,,,,,,,
Bulgaria,BGR,"Intentional homicides, female (per 100,000 female)",VC.IHR.PSRC.FE.P5,,,,,,,,,,,,,,,,,,,,,,,,,,,,,,,1.178921692,2.088144035,2.280900817,2.093855579,2.287952887,1.828147624,1.959533519,2.247430099,2.394439674,2.127541861,2.373275438,1.520519287,1.403898908,1.295183413,1.437557317,1.317685981,1.378487478,0.977163685,0.932391031,0.912769727,0.708776942,0.792422957,0.983090054,0.908573217,0.698832493,0.784185414,0.598681812,0.958770407,1.048125221,0.638877709,0.727410274,
Bahrain,BHR,"Intentional homicides, female (per 100,000 female)",VC.IHR.PSRC.FE.P5,,,,,,,,,,,,,,,,,,,,,,,,,,,,,,,,,,,,,,,,,,,,,,,,,,,0.214218541,0,0.202465216,0.397093277,0,0,0.556736042,0.180431484,0,0,,
"Bahamas, The",BHS,"Intentional homicides, female (per 100,000 female)",VC.IHR.PSRC.FE.P5,,,,,,,,,,,,,,,,,,,,,,,,,,,,,,,,,,4.387921515,3.999273978,4.703248534,5.182027172,4.686795434,,,10.75714296,3.319822428,7.737784345,3.727263691,1.219735317,4.788268742,2.935426488,4.605694942,3.954154404,5.550929781,7.653242515,8.634087377,5.338258767,,5.764745958,8.30771787,3.5999712,3.055534337,1.512760132,2.996164909,5.441369246,
Bosnia and Herzegovina,BIH,"Intentional homicides, female (per 100,000 female)",VC.IHR.PSRC.FE.P5,,,,,,,,,,,,,,,,,,,,,,,,,,,,,,,0.71018566,,,,,,,,,,1.047358953,1.517328414,1.306885457,,,,,,,0.788998209,0.530239281,0.85845476,1.307385365,0.775813676,0.619948477,1.029737091,0.868789602,0.585047816,0.471822189,0.593754064,0.298649031,
Belarus,BLR,"Intentional homicides, female (per 100,000 female)",VC.IHR.PSRC.FE.P5,,,,,,,,,,,,,,,,,,,,,,,,,,,,,,,,,,,,,,,,,,,,,,,,4.374357296,3.621375137,3.924118644,2.697960362,2.322057462,2.50050804,2.043203235,2.299738841,2.298389166,2.099139175,1.860698601,1.66238043,1.721921205,,
Belize,BLZ,"Intentional homicides, female (per 100,000 female)",VC.IHR.PSRC.FE.P5,,,,,,,,,,,,,,,,,,,,,,,,,,,,,,,,,,,,,,,,,,,,,10.18700429,,,,,5.728579885,10.00701267,7.267397848,8.279908211,5.780079534,6.782764994,4.978123911,8.123608832,5.836193953,9.881782674,8.670372826,5.503852697,
Bermuda,BMU,"Intentional homicides, female (per 100,000 female)",VC.IHR.PSRC.FE.P5,,,,,,,,,,,,,,,,,,,,,,,,,,,,,,,0,0,3.093296711,,,,3.029010594,,,,,,,,2.93222564,0,,,,2.966972945,0,6.001329367,0,0,3.058338323,0,0,0,,,,
Bolivia,BOL,"Intentional homicides, female (per 100,000 female)",VC.IHR.PSRC.FE.P5,,,,,,,,,,,,,,,,,,,,,,,,,,,,,,,,,,,,,,,,,,,,,,,,,2.84224905,,,,,,,4.457772135,3.443560678,4.093088318,3.627048154,5.302179771,,
Brazil,BRA,"Intentional homicides, female (per 100,000 female)",VC.IHR.PSRC.FE.P5,,,,,,,,,,,,,,,,,,,,,,,,,,,,,,,3.163868318,3.278444123,2.829674938,3.045738228,3.242127478,3.736496523,4.439239156,4.255970562,4.091630374,4.067823689,4.243345371,4.304744572,4.267799359,4.286740811,4.121972765,4.128551755,4.22494165,3.923934855,4.141645042,4.342648465,4.503043477,4.510165875,4.673139425,4.673874316,4.697399984,4.449293148,4.43498518,4.669430769,4.240508453,3.476636773,3.538542076,
Barbados,BRB,"Intentional homicides, female (per 100,000 female)",VC.IHR.PSRC.FE.P5,,,,,,,,,,,,,,,,,,,,,,,,,,,,,,,8.124436829,6.625783131,2.934143157,3.653848964,4.366557988,3.623214661,,,,,3.544616083,3.152877745,5.277898974,7.714155475,0.614898716,6.37407933,1.054522425,4.138473317,2.746290791,2.051239975,5.451633787,1.359526885,1.357238833,4.744958482,2.031749472,2.030058398,1.352301617,1.351296569,2.70060426,3.373637051,2.023103846,
Brunei Darussalam,BRN,"Intentional homicides, female (per 100,000 female)",VC.IHR.PSRC.FE.P5,,,,,,,,,,,,,,,,,,,,,,,,,,,,,,,,,,,,,2.050244663,1.323915878,0,1.247388281,1.216426625,,,,,,,,,,,,,,,,,,,,,
Bhutan,BTN,"Intentional homicides, female (per 100,000 female)",VC.IHR.PSRC.FE.P5,,,,,,,,,,,,,,,,,,,,,,,,,,,,,,,,,,,,,,,,,,,,,,,,,,,,,,,,0.581620219,1.151092387,1.139393387,0.564038061,0.558562484,1.383030219,
Botswana,BWA,"Intentional homicides, female (per 100,000 female)",VC.IHR.PSRC.FE.P5,,,,,,,,,,,,,,,,,,,,,,,,,,,,,,,,,,,,,,,,,,,,,,,,,,,,,,,,,,,,,,
Central African Republic,CAF,"Intentional homicides, female (per 100,000 female)",VC.IHR.PSRC.FE.P5,,,,,,,,,,,,,,,,,,,,,,,,,,,,,,,,,,,,,,,,,,,,,,,,,,,,,,,,,10.61669915,,,,,
Canada,CAN,"Intentional homicides, female (per 100,000 female)",VC.IHR.PSRC.FE.P5,,,,,,,,,,,,,,,,,,,,,,,,,,,,,,,1.699702816,1.965101817,1.672776366,1.387683143,1.404572451,1.296107899,1.392947396,1.321856275,1.224174471,1.09079943,0.965272164,1.041623743,1.31604671,0.984891979,1.246439002,1.109818447,0.9875908,1.000085067,0.874976928,0.952710284,0.896661905,1.028487968,0.892061268,0.848719704,0.839858692,0.980039675,0.828751257,0.934432291,0.893887666,0.822390237,0.899527559,
Central Europe and the Baltics,CEB,"Intentional homicides, female (per 100,000 female)",VC.IHR.PSRC.FE.P5,,,,,,,,,,,,,,,,,,,,,,,,,,,,,,,,,,,,,,,,,,,,,,,,,,,,,,,,,,,,,,
Switzerland,CHE,"Intentional homicides, female (per 100,000 female)",VC.IHR.PSRC.FE.P5,,,,,,,,,,,,,,,,,,,,,,,,,,,,,,,1.500911102,1.25651574,1.218575684,1.238102289,1.150761098,1.111877802,0.86818118,1.08268446,0.816698509,1.033340967,1.060282323,0.999936177,1.335763209,1.061199328,1.026891766,0.994479182,0.990473655,0.678856923,0.647525377,0.688725086,0.655956412,0.57371402,0.419160569,0.77998576,0.578591256,0.715890331,0.591042817,0.46883809,0.651280627,0.600364837,0.619128313,
Channel Islands,CHI,"Intentional homicides, female (per 100,000 female)",VC.IHR.PSRC.FE.P5,,,,,,,,,,,,,,,,,,,,,,,,,,,,,,,,,,,,,,,,,,,,,,,,,,,,,,,,,,,,,,
Chile,CHL,"Intentional homicides, female (per 100,000 female)",VC.IHR.PSRC.FE.P5,,,,,,,,,,,,,,,,,,,,,,,,,,,,,,,,,,,,,,,,,,,,,,1.00975226,1.095479726,1.322091033,1.213776576,1.158464952,1.107837605,1.313905658,0.41867096,1.210154134,0.698514105,0.838786901,0.973624091,1.130885847,0.989395574,0.988526742,,
China,CHN,"Intentional homicides, female (per 100,000 female)",VC.IHR.PSRC.FE.P5,,,,,,,,,,,,,,,,,,,,,,,,,,,,,,,,,,,,,,,,,,,,,,,,,,,,,,,,,,,,,,
Cote d'Ivoire,CIV,"Intentional homicides, female (per 100,000 female)",VC.IHR.PSRC.FE.P5,,,,,,,,,,,,,,,,,,,,,,,,,,,,,,,,,,,,,,,,,,,,,,,,,,,,,,,,,,,,,,
Cameroon,CMR,"Intentional homicides, female (per 100,000 female)",VC.IHR.PSRC.FE.P5,,,,,,,,,,,,,,,,,,,,,,,,,,,,,,,,,,,,,,,,,,,,,,,,,,,,,,,0.801682794,1.003646066,0.893951009,,,,,
"Congo, Dem. Rep.",COD,"Intentional homicides, female (per 100,000 female)",VC.IHR.PSRC.FE.P5,,,,,,,,,,,,,,,,,,,,,,,,,,,,,,,,,,,,,,,,,,,,,,,,,,,,,,,,,,,,,,
"Congo, Rep.",COG,"Intentional homicides, female (per 100,000 female)",VC.IHR.PSRC.FE.P5,,,,,,,,,,,,,,,,,,,,,,,,,,,,,,,,,,,,,,,,,,,,,,,,,,,,,,,,,,,,,,
Colombia,COL,"Intentional homicides, female (per 100,000 female)",VC.IHR.PSRC.FE.P5,,,,,,,,,,,,,,,,,,,,,,,,,,,,,,,10.93331931,11.79641509,12.17357634,11.86143353,11.00261476,8.932703992,9.247829012,9.061437937,8.833013189,9.038915033,9.523825822,10.78834517,10.75683751,9.455525929,7.592632564,6.86083031,6.005684019,6.209834477,5.592006497,5.521178672,5.31586446,5.788233526,5.90195035,5.164204098,4.884224672,4.407415915,4.226918925,4.321870958,4.19133425,4.077849861,3.525325195,
Comoros,COM,"Intentional homicides, female (per 100,000 female)",VC.IHR.PSRC.FE.P5,,,,,,,,,,,,,,,,,,,,,,,,,,,,,,,,,,,,,,,,,,,,,,,,,,,,,,,,,,,,,,
Cabo Verde,CPV,"Intentional homicides, female (per 100,000 female)",VC.IHR.PSRC.FE.P5,,,,,,,,,,,,,,,,,,,,,,,,,,,,,,,,,,,,,,,,,,,,,,,,,,,,2.920422578,4.040500243,2.74315094,5.803673338,2.675125158,,2.2398674,3.691426293,2.190580504,3.250611296,
Costa Rica,CRI,"Intentional homicides, female (per 100,000 female)",VC.IHR.PSRC.FE.P5,,,,,,,,,,,,,,,,,,,,,,,,,,,,,,,1.795903918,1.5571091,1.512974963,1.150732683,1.43863892,1.516237988,1.019344988,1.051828576,1.437306514,1.663360678,2.041554272,1.414868864,1.658223686,1.819333793,1.840507869,2.864528474,2.076424416,1.684019655,2.694554709,2.61537575,2.670056325,2.767126024,2.136051074,1.520076409,2.129014967,1.733907174,2.695311016,2.343699489,2.599777459,1.900973536,2.432290142,
Caribbean small states,CSS,"Intentional homicides, female (per 100,000 female)",VC.IHR.PSRC.FE.P5,,,,,,,,,,,,,,,,,,,,,,,,,,,,,,,,,,,,,,,,,,,,,,,,,,,,,,,,,,,,,,
Cuba,CUB,"Intentional homicides, female (per 100,000 female)",VC.IHR.PSRC.FE.P5,,,,,,,,,,,,,,,,,,,,,,,,,,,,,,,,,3.28358454,3.396857665,3.897671169,3.841341919,3.034849765,2.963968328,3.382459793,2.861994104,2.77811384,2.839356191,3.293257065,2.71669505,2.587646787,2.974308876,2.354068131,2.461435155,2.126581579,2.712555302,2.233165521,2.336588803,2.437877838,2.59061194,2.742993147,2.439869076,2.121624119,,,,,
Curacao,CUW,"Intentional homicides, female (per 100,000 female)",VC.IHR.PSRC.FE.P5,,,,,,,,,,,,,,,,,,,,,,,,,,,,,,,,,,,,,,,,,,2.890674683,8.76360184,2.937288882,10.25310523,8.678421106,4.239144258,4.106382687,,,,,,,,,,,,,,
Cayman Islands,CYM,"Intentional homicides, female (per 100,000 female)",VC.IHR.PSRC.FE.P5,,,,,,,,,,,,,,,,,,,,,,,,,,,,,,,0,0,0,0,0,0,0,0,0,,,,,,,0,,,0,,0,,,0,0,,,,,,,
Cyprus,CYP,"Intentional homicides, female (per 100,000 female)",VC.IHR.PSRC.FE.P5,,,,,,,,,,,,,,,,,,,,,,,,,,,,,,,,,,,,,,,,,,,,,0.802564998,0.394334984,0.773568705,0.568366968,0.371263465,1.275807769,0.179521933,1.064813418,0.879809257,0.524419599,0.868622573,0.517605488,0.855931347,0,1.0096132,1.668677423,0.662419454,
Czech Republic,CZE,"Intentional homicides, female (per 100,000 female)",VC.IHR.PSRC.FE.P5,,,,,,,,,,,,,,,,,,,,,,,,,,,,,,,,,,,1.554233748,1.089851871,1.040690706,1.194374744,0.917929135,1.16201731,0.92735323,0.891135477,1.10169081,1.103171027,0.949083858,0.855252017,1.023527873,1.038223422,0.826629804,0.710737637,0.987884804,0.818351,0.891738986,0.947019636,0.835227599,0.908684614,0.666687778,0.554629427,,0.718419257,0.717378588,
Germany,DEU,"Intentional homicides, female (per 100,000 female)",VC.IHR.PSRC.FE.P5,,,,,,,,,,,,,,,,,,,,,,,,,,,,,,,0.933793046,1.107508396,1.138387274,1.342385527,1.631836555,1.65804884,1.598297214,1.555155451,1.444035484,1.234845266,1.305064878,1.178217686,1.134737511,1.165464543,1.096302595,1.073587009,1.061543565,0.939463388,0.886909237,0.935301443,0.953693983,0.820410951,0.717835762,0.793937513,0.818344947,0.786760576,1.123905474,0.906473759,0.871503505,0.652977313,0.842616393,
Djibouti,DJI,"Intentional homicides, female (per 100,000 female)",VC.IHR.PSRC.FE.P5,,,,,,,,,,,,,,,,,,,,,,,,,,,,,,,,,,,,,,,,,,,,,,,,,,,,,,,,,,,,,,
Dominica,DMA,"Intentional homicides, female (per 100,000 female)",VC.IHR.PSRC.FE.P5,,,,,,,,,,,,,,,,,,,,,,,,,,,,,,,,,,,,,,,,,,,0,,,,,,,,,0,,,,,,,,,,
Denmark,DNK,"Intentional homicides, female (per 100,000 female)",VC.IHR.PSRC.FE.P5,,,,,,,,,,,,,,,,,,,,,,,,,,,,,,,0.959580916,1.646524187,1.221713514,0.989296572,0.94779435,0.717618323,0.976737128,1.573863081,0.788946996,1.061626252,1.185933202,0.705848822,0.552846607,1.029427282,0.623296019,0.657804818,0.400434508,0.616151431,0.619813469,0.502615395,0.78611689,0.533543905,0.566568225,0.458335214,1.088360094,0.817411638,0.801129942,0.69407668,0.691601673,0.930327113,0.583622455,
Dominican Republic,DOM,"Intentional homicides, female (per 100,000 female)",VC.IHR.PSRC.FE.P5,,,,,,,,,,,,,,,,,,,,,,,,,,,,,,,,,,,,,,,,,,,,,,4.742915842,3.930929895,3.759790824,3.981451027,3.77672256,4.352070893,4.764151011,4.059043124,,3.68570514,,3.272504532,3.634677257,2.860152469,2.69879963,2.357405513,
Algeria,DZA,"Intentional homicides, female (per 100,000 female)",VC.IHR.PSRC.FE.P5,,,,,,,,,,,,,,,,,,,,,,,,,,,,,,,,,,,,,,,,,,,,,,,,,,,,,0.280893778,0.206523834,0.443627332,0.371234342,,,,0.431856191,0.37792834,
East Asia & Pacific (excluding high income),EAP,"Intentional homicides, female (per 100,000 female)",VC.IHR.PSRC.FE.P5,,,,,,,,,,,,,,,,,,,,,,,,,,,,,,,,,,,,,,,,,,,,,,,,,,,,,,,,,,,,,,
Early-demographic dividend,EAR,"Intentional homicides, female (per 100,000 female)",VC.IHR.PSRC.FE.P5,,,,,,,,,,,,,,,,,,,,,,,,,,,,,,,,,,,,,,,,,,,,,,,,,,,,,,,,,,,,,,
East Asia & Pacific,EAS,"Intentional homicides, female (per 100,000 female)",VC.IHR.PSRC.FE.P5,,,,,,,,,,,,,,,,,,,,,,,,,,,,,,,,,,,,,,,,,,,,,,,,,,,,,,,,,,,,,,
Europe & Central Asia (excluding high income),ECA,"Intentional homicides, female (per 100,000 female)",VC.IHR.PSRC.FE.P5,,,,,,,,,,,,,,,,,,,,,,,,,,,,,,,,,,,,,,,,,,,,,,,,,,,,,,,,,,,,,,
Europe & Central Asia,ECS,"Intentional homicides, female (per 100,000 female)",VC.IHR.PSRC.FE.P5,,,,,,,,,,,,,,,,,,,,,,,,,,,,,,,,,,,,,,,,,,,,,,,,,,,,,,,,,,,,,,
Ecuador,ECU,"Intentional homicides, female (per 100,000 female)",VC.IHR.PSRC.FE.P5,,,,,,,,,,,,,,,,,,,,,,,,,,,,,,,1.63762007,2.125243895,1.464169765,1.493664964,1.659687617,,,,,,2.290451625,2.303828916,2.831306085,2.73752575,3.215962071,2.403626666,3.173344289,3.218570101,2.937691967,3.747233718,3.1638975,3.272729997,2.990453463,3.226047901,2.334996412,2.124227019,2.148610529,2.337140089,1.616462428,1.715963179,1.870910996,
"Egypt, Arab Rep.",EGY,"Intentional homicides, female (per 100,000 female)",VC.IHR.PSRC.FE.P5,,,,,,,,,,,,,,,,,,,,,,,,,,,,,,,,,,,,,,,,,,,,,0.141410652,0.168332396,0.378143058,0.420739505,0.280067339,0.480598225,0.481015467,0.791432558,0.612493852,,,,,,,,,
Euro area,EMU,"Intentional homicides, female (per 100,000 female)",VC.IHR.PSRC.FE.P5,,,,,,,,,,,,,,,,,,,,,,,,,,,,,,,,,,,,,,,,,,,,,,,,,,,,,,,,,,,,,,
Eritrea,ERI,"Intentional homicides, female (per 100,000 female)",VC.IHR.PSRC.FE.P5,,,,,,,,,,,,,,,,,,,,,,,,,,,,,,,,,,,,,,,,,,,,,,,,,,,,,,,,,,,,,,
Spain,ESP,"Intentional homicides, female (per 100,000 female)",VC.IHR.PSRC.FE.P5,,,,,,,,,,,,,,,,,,,,,,,,,,,,,,,,,,,,,,,,,,0.630540994,0.629849959,0.791295033,0.853978608,0.579139563,0.70442469,0.72715125,0.545449804,0.578758082,0.658470541,0.535643137,0.522622267,0.509468866,0.536468541,0.509351912,0.475863508,0.475761208,0.492318589,0.529943177,0.500495343,
Estonia,EST,"Intentional homicides, female (per 100,000 female)",VC.IHR.PSRC.FE.P5,,,,,,,,,,,,,,,,,,,,,,,,,,,,,,,,,,,7.906957078,4.189443382,6.235359065,5.16628644,5.404938846,5.441852644,3.427688049,4.011066327,4.355552102,5.415115776,2.174579794,3.924636581,3.43547517,2.668497552,2.636655033,3.024563117,2.305067672,1.974453394,2.406837684,2.557806425,1.282791354,1.530382687,1.286889032,1.144136942,0.715030367,0.858340856,1.432494417,
Ethiopia,ETH,"Intentional homicides, female (per 100,000 female)",VC.IHR.PSRC.FE.P5,,,,,,,,,,,,,,,,,,,,,,,,,,,,,,,,,,,,,,,,,,,,,,,,,,,,,,,,,,,,,,
European Union,EUU,"Intentional homicides, female (per 100,000 female)",VC.IHR.PSRC.FE.P5,,,,,,,,,,,,,,,,,,,,,,,,,,,,,,,,,,,,,,,,,,,,,,,,,,,,,,,,,,,,,,
Fragile and conflict affected situations,FCS,"Intentional homicides, female (per 100,000 female)",VC.IHR.PSRC.FE.P5,,,,,,,,,,,,,,,,,,,,,,,,,,,,,,,,,,,,,,,,,,,,,,,,,,,,,,,,,,,,,,
Finland,FIN,"Intentional homicides, female (per 100,000 female)",VC.IHR.PSRC.FE.P5,,,,,,,,,,,,,,,,,,,,,,,,,,,,,,,1.477689034,1.471823679,2.120987719,1.532940732,1.804483171,1.852989875,1.742477735,1.371668752,1.195921771,1.190689154,1.724207416,1.789535965,1.638155872,1.129429997,1.232384372,1.303573617,1.373913031,1.776449388,1.622585206,1.249106797,1.024720279,1.348755809,1.452289916,0.867991197,0.973010842,0.574813195,0.788341151,1.072785262,0.856807172,1.069538163,,
Fiji,FJI,"Intentional homicides, female (per 100,000 female)",VC.IHR.PSRC.FE.P5,,,,,,,,,,,,,,,,,,,,,,,,,,,,,,,,,,,,,,,,,,,,,,2.235480554,2.959937249,4.397945671,2.417409214,1.915163064,1.4256082,2.128067077,1.650526872,1.883048561,2.818621694,,,,,,,
France,FRA,"Intentional homicides, female (per 100,000 female)",VC.IHR.PSRC.FE.P5,,,,,,,,,,,,,,,,,,,,,,,,,,,,,,,,,,,,,,,,,,,,,,,,,,,,,,,,1.149484621,0.932842732,0.930071846,0.727818059,0.848082101,0.712497748,
Faroe Islands,FRO,"Intentional homicides, female (per 100,000 female)",VC.IHR.PSRC.FE.P5,,,,,,,,,,,,,,,,,,,,,,,,,,,,,,,,,,,,,,,,,,,,,,,,,,,,,,,,,,,,,,
"Micronesia, Fed. Sts.",FSM,"Intentional homicides, female (per 100,000 female)",VC.IHR.PSRC.FE.P5,,,,,,,,,,,,,,,,,,,,,,,,,,,,,,,,,,,,,,,,,,,,,,,,,,,,,,,,,,,,1.787501788,,
Gabon,GAB,"Intentional homicides, female (per 100,000 female)",VC.IHR.PSRC.FE.P5,,,,,,,,,,,,,,,,,,,,,,,,,,,,,,,,,,,,,,,,,,,,,,,,,,,,,,,,,,,,,,
United Kingdom,GBR,"Intentional homicides, female (per 100,000 female)",VC.IHR.PSRC.FE.P5,,,,,,,,,,,,,,,,,,,,,,,,,,,,,,,,,,,,,,,,,,,,,,0.979485721,1.048247731,1.078784813,0.927616104,0.704057969,0.875856876,0.597010232,0.722352612,0.6830491,0.624652623,0.590770312,0.604121412,0.739570991,0.767706375,,,
Georgia,GEO,"Intentional homicides, female (per 100,000 female)",VC.IHR.PSRC.FE.P5,,,,,,,,,,,,,,,,,,,,,,,,,,,,,,,,,,,,,,,,,,,,,1.538137685,3.267695022,2.052441242,2.063433618,1.982795788,1.534798903,1.304700744,,,,1.587699784,,1.620563232,1.002290472,0.907705464,,,
Ghana,GHA,"Intentional homicides, female (per 100,000 female)",VC.IHR.PSRC.FE.P5,,,,,,,,,,,,,,,,,,,,,,,,,,,,,,,,,,,,,,,,,,,,,,,,,,,,,,,,,,,,,,
Gibraltar,GIB,"Intentional homicides, female (per 100,000 female)",VC.IHR.PSRC.FE.P5,,,,,,,,,,,,,,,,,,,,,,,,,,,,,,,,,,,,,,,,,,,,,,,,,,,,,,,,,,,,,,
Guinea,GIN,"Intentional homicides, female (per 100,000 female)",VC.IHR.PSRC.FE.P5,,,,,,,,,,,,,,,,,,,,,,,,,,,,,,,,,,,,,,,,,,,,,,,,,,,,,,,,,,,,,,
"Gambia, The",GMB,"Intentional homicides, female (per 100,000 female)",VC.IHR.PSRC.FE.P5,,,,,,,,,,,,,,,,,,,,,,,,,,,,,,,,,,,,,,,,,,,,,,,,,,,,,,,,,,,,,,
Guinea-Bissau,GNB,"Intentional homicides, female (per 100,000 female)",VC.IHR.PSRC.FE.P5,,,,,,,,,,,,,,,,,,,,,,,,,,,,,,,,,,,,,,,,,,,,,,,,,,,,,,,,,,,,,,
Equatorial Guinea,GNQ,"Intentional homicides, female (per 100,000 female)",VC.IHR.PSRC.FE.P5,,,,,,,,,,,,,,,,,,,,,,,,,,,,,,,,,,,,,,,,,,,,,,,,,,,,,,,,,,,,,,
Greece,GRC,"Intentional homicides, female (per 100,000 female)",VC.IHR.PSRC.FE.P5,,,,,,,,,,,,,,,,,,,,,,,,,,,,,,,0.640940194,0.807016352,0.57533192,0.74416659,0.56323859,0.803790527,0.990430313,0.709304658,0.77557641,0.731072661,,0.635114976,0.417403413,0.583767857,0.523643276,0.782758467,0.388926691,0.6213274,0.589072701,0.448893881,0.61381957,0.580447271,0.71038329,0.914220517,0.495543504,0.552803719,0.481106308,0.427415548,0.541294519,0.35627681,0.358002197,
Grenada,GRD,"Intentional homicides, female (per 100,000 female)",VC.IHR.PSRC.FE.P5,,,,,,,,,,,,,,,,,,,,,,,,,,,,,,,,,,,,,,,,,,,,,,5.75098246,5.746465923,3.828777089,3.8249694,5.727158184,3.805175038,1.893186422,9.404860432,3.734966759,5.561838373,3.682291858,9.146620324,3.637487951,1.808743466,1.799337844,5.371242368,
Greenland,GRL,"Intentional homicides, female (per 100,000 female)",VC.IHR.PSRC.FE.P5,,,,,,,,,,,,,,,,,,,,,,,,,,,,,,,,,,,,,,,,,,,,,,,,,,,,,,,,,,,,,,
Guatemala,GTM,"Intentional homicides, female (per 100,000 female)",VC.IHR.PSRC.FE.P5,,,,,,,,,,,,,,,,,,,,,,,,,,,,,,,,,,,,,,,,,,,,,7.620257865,7.762031111,8.834679413,8.455281663,9.633379112,9.880964569,9.336147521,8.311613981,7.378936189,8.248799951,7.784910101,7.629497089,,9.268049935,8.623743118,7.902235559,4.962337946,
Guam,GUM,"Intentional homicides, female (per 100,000 female)",VC.IHR.PSRC.FE.P5,,,,,,,,,,,,,,,,,,,,,,,,,,,,,,,,,,,,,,,,,,,,,,,,,,,,,,,,,,,,,,
Guyana,GUY,"Intentional homicides, female (per 100,000 female)",VC.IHR.PSRC.FE.P5,,,,,,,,,,,,,,,,,,,,,,,,,,,,,,,,,,,,,,,,,,,,,,7.521139775,6.168071914,7.490175832,10.13425217,7.70844021,8.212420889,8.977727315,7.106572263,7.871040866,,7.297063453,2.59672138,5.432814198,5.927712831,4.621261913,9.974169459,
High income,HIC,"Intentional homicides, female (per 100,000 female)",VC.IHR.PSRC.FE.P5,,,,,,,,,,,,,,,,,,,,,,,,,,,,,,,,,,,,,,,,,,,,,,,,,,,,,,,,,,,,,,
"Hong Kong SAR, China",HKG,"Intentional homicides, female (per 100,000 female)",VC.IHR.PSRC.FE.P5,,,,,,,,,,,,,,,,,,,,,,,,,,,,,,,,,,,,,,,,,,,,0.635331721,0.573251018,0.369587288,0.507106106,0.306909709,0.690589802,0.683857195,0.514933477,0.24180704,0.319741393,0.977757859,0.340581698,0.233607017,0.282666408,0.381385732,0.402439488,0.323570627,0.221821191,
Honduras,HND,"Intentional homicides, female (per 100,000 female)",VC.IHR.PSRC.FE.P5,,,,,,,,,,,,,,,,,,,,,,,,,,,,,,,,,,,,,,,,,,,,,,,5.476749689,8.283871894,7.789009019,8.908609143,9.230779867,11.3653884,13.998614,11.10682694,11.04986562,10.47913502,10.03986429,8.284033447,7.835795079,8.160552096,6.578246425,
Heavily indebted poor countries (HIPC),HPC,"Intentional homicides, female (per 100,000 female)",VC.IHR.PSRC.FE.P5,,,,,,,,,,,,,,,,,,,,,,,,,,,,,,,,,,,,,,,,,,,,,,,,,,,,,,,,,,,,,,
Croatia,HRV,"Intentional homicides, female (per 100,000 female)",VC.IHR.PSRC.FE.P5,,,,,,,,,,,,,,,,,,,,,,,,,,,,,,,1.760423013,5.063624698,3.885868234,2.289769779,1.28060692,1.895361666,1.629663292,1.339429777,1.484122163,1.23900395,1.401175702,1.221429833,1.385579357,0.968263082,1.62763209,1.189557797,1.412406936,1.061462669,1.063908071,1.066656237,1.42630653,0.93901542,0.807767492,0.946238768,0.769560531,0.682603486,0.915551792,0.829420465,0.371194215,0.654118799,0.893707173,
Haiti,HTI,"Intentional homicides, female (per 100,000 female)",VC.IHR.PSRC.FE.P5,,,,,,,,,,,,,,,,,,,,,,,,,,,,,,,,,,,,,,,,,,,,,,,,,,,,,,1.328902141,1.609883637,1.643288275,1.439149044,,1.029438754,,,
Hungary,HUN,"Intentional homicides, female (per 100,000 female)",VC.IHR.PSRC.FE.P5,,,,,,,,,,,,,,,,,,,,,,,,,,,,,,,1.284704577,2.152527961,2.116965267,2.176006752,1.823825017,1.810158525,2.099600123,2.071875624,2.108435098,1.959121375,1.631251976,1.589804086,1.632611158,1.708274445,1.656241131,1.442812663,1.408307842,1.19570707,1.332850461,1.203558406,1.169274756,0.80781581,1.119391175,1.374947108,1.30172461,1.987835615,1.60262831,0.862236885,0.844813796,0.610665369,0.770437027,
IBRD only,IBD,"Intentional homicides, female (per 100,000 female)",VC.IHR.PSRC.FE.P5,,,,,,,,,,,,,,,,,,,,,,,,,,,,,,,,,,,,,,,,,,,,,,,,,,,,,,,,,,,,,,
IDA & IBRD total,IBT,"Intentional homicides, female (per 100,000 female)",VC.IHR.PSRC.FE.P5,,,,,,,,,,,,,,,,,,,,,,,,,,,,,,,,,,,,,,,,,,,,,,,,,,,,,,,,,,,,,,
IDA total,IDA,"Intentional homicides, female (per 100,000 female)",VC.IHR.PSRC.FE.P5,,,,,,,,,,,,,,,,,,,,,,,,,,,,,,,,,,,,,,,,,,,,,,,,,,,,,,,,,,,,,,
IDA blend,IDB,"Intentional homicides, female (per 100,000 female)",VC.IHR.PSRC.FE.P5,,,,,,,,,,,,,,,,,,,,,,,,,,,,,,,,,,,,,,,,,,,,,,,,,,,,,,,,,,,,,,
Indonesia,IDN,"Intentional homicides, female (per 100,000 female)",VC.IHR.PSRC.FE.P5,,,,,,,,,,,,,,,,,,,,,,,,,,,,,,,,,,,,,,,,,,,,,,,,,,,,,,,,,,,,,,
IDA only,IDX,"Intentional homicides, female (per 100,000 female)",VC.IHR.PSRC.FE.P5,,,,,,,,,,,,,,,,,,,,,,,,,,,,,,,,,,,,,,,,,,,,,,,,,,,,,,,,,,,,,,
Isle of Man,IMN,"Intentional homicides, female (per 100,000 female)",VC.IHR.PSRC.FE.P5,,,,,,,,,,,,,,,,,,,,,,,,,,,,,,,,,,,,,,,,,,,,,,,,,,,,,,,,,,,,,,
India,IND,"Intentional homicides, female (per 100,000 female)",VC.IHR.PSRC.FE.P5,,,,,,,,,,,,,,,,,,,,,,,,,,,,,,,,,,,,,,,,2.942252363,2.996074399,2.901769477,2.767153469,2.71361976,2.92707778,2.773187932,2.785177287,2.958878299,2.95043598,3.056445249,3.018153599,3.12260698,3.037902279,2.913890676,2.94024473,2.717158593,2.808687882,2.695685174,2.652987156,2.626658017,2.47146547,
Not classified,INX,"Intentional homicides, female (per 100,000 female)",VC.IHR.PSRC.FE.P5,,,,,,,,,,,,,,,,,,,,,,,,,,,,,,,,,,,,,,,,,,,,,,,,,,,,,,,,,,,,,,
Ireland,IRL,"Intentional homicides, female (per 100,000 female)",VC.IHR.PSRC.FE.P5,,,,,,,,,,,,,,,,,,,,,,,,,,,,,,,0.131419034,0.433488126,0.301701403,0.336148766,0.278402327,0.352253482,0.977710203,0.620133786,0.349452261,0.328148463,0.409406887,0.404030568,0.554922974,0.412095401,0.245969906,0.395897316,0.766156052,0.513897129,0.448957104,0.430977993,0.315827878,0.064867614,0.545865905,0.336859014,,0.297888059,0.084343131,0.625303793,0.411547869,0.325192677,0.24130818,
"Iran, Islamic Rep.",IRN,"Intentional homicides, female (per 100,000 female)",VC.IHR.PSRC.FE.P5,,,,,,,,,,,,,,,,,,,,,,,,,,,,,,,,,,,,,,,,,,,,,,,,,,,,,,0.772010297,0.585743134,,,,,,,
Iraq,IRQ,"Intentional homicides, female (per 100,000 female)",VC.IHR.PSRC.FE.P5,,,,,,,,,,,,,,,,,,,,,,,,,,,,,,,,,,,,,,,,,,,,,,,,,4.466946546,6.639054152,3.275262943,3.226065882,3.230235248,3.296319067,,,,,,,,
Iceland,ISL,"Intentional homicides, female (per 100,000 female)",VC.IHR.PSRC.FE.P5,,,,,,,,,,,,,,,,,,,,,,,,,,,,,,,,,,,,,0,,,0.720507814,,,,,,0,,0,,0,0,0.622792977,0.618085172,0,0.611175964,0,0.60399239,1.200235246,0.596224705,0,2.355088463,
Israel,ISR,"Intentional homicides, female (per 100,000 female)",VC.IHR.PSRC.FE.P5,,,,,,,,,,,,,,,,,,,,,,,,,,,,,,,,,,1.394969934,1.140080142,,,,,0.730205683,1.293050714,1.236119677,1.182611897,1.130942751,0.956130865,1.450661638,1.093118964,0.77840037,0.815520766,0.741623364,0.922859016,0.897803076,0.623578274,0.896054136,0.638362501,0.596694017,0.563076296,0.554282714,0.61673618,,0.575053181,
Italy,ITA,"Intentional homicides, female (per 100,000 female)",VC.IHR.PSRC.FE.P5,,,,,,,,,,,,,,,,,,,,,,,,,,,,,,,0.705337904,0.787532576,0.732941504,0.664770887,0.528727936,0.679131285,0.734963618,0.657420377,0.663999373,0.619890602,0.651253472,0.583275102,0.620332452,0.666219064,,0.453996088,0.591735485,0.494793439,0.486308339,0.567308274,0.504429843,0.540122212,0.52627387,0.577064014,0.472360864,0.435881849,0.483868699,0.42318687,0.452673427,0.357038813,0.373902833,
Jamaica,JAM,"Intentional homicides, female (per 100,000 female)",VC.IHR.PSRC.FE.P5,,,,,,,,,,,,,,,,,,,,,,,,,,,,,,,,,,,,,,,,,,,,,,13.45429662,10.93989535,10.82172745,11.77906753,11.09141674,10.26220282,8.378139954,8.890158245,9.045202355,6.915959337,7.976214379,9.231873899,10.88430191,8.731555435,8.622100734,7.576163913,
Jordan,JOR,"Intentional homicides, female (per 100,000 female)",VC.IHR.PSRC.FE.P5,,,,,,,,,,,,,,,,,,,,,,,,,,,,,,,,,,,,,,,,,,,,,,,,0.953260958,0.938354196,1.068292687,1.068006134,0.74423431,0.6283052,,,,0.708578922,0.682796104,,0.521200638,0.53601622,
Japan,JPN,"Intentional homicides, female (per 100,000 female)",VC.IHR.PSRC.FE.P5,,,,,,,,,,,,,,,,,,,,,,,,,,,,,,,0.481409006,0.470184148,0.47485549,0.498397628,0.479709087,0.529794051,0.453832794,0.483770102,0.550778796,0.521842328,0.508477742,0.484439228,0.483560843,0.487339599,0.509544121,0.487465497,0.494539324,0.430027805,0.516578757,0.385349276,0.360907257,0.356367073,0.365638656,0.291180144,0.31435097,0.333086859,0.301478396,0.265253986,0.27506428,0.278847682,0.288921723,
Kazakhstan,KAZ,"Intentional homicides, female (per 100,000 female)",VC.IHR.PSRC.FE.P5,,,,,,,,,,,,,,,,,,,,,,,,,,,,,,,,,,,,,,,,,,,,,,,,,4.424240009,5.016191083,4.096820736,3.863175483,3.191367213,3.18621117,2.284903241,2.76915955,,2.371783885,,,1.552189581,
Kenya,KEN,"Intentional homicides, female (per 100,000 female)",VC.IHR.PSRC.FE.P5,,,,,,,,,,,,,,,,,,,,,,,,,,,,,,,,,,,,,,,,,,,,,,,,,,,,,,,2.222682801,2.536534885,2.58775778,1.713782655,1.689953739,1.49707475,1.65971895,
Kyrgyz Republic,KGZ,"Intentional homicides, female (per 100,000 female)",VC.IHR.PSRC.FE.P5,,,,,,,,,,,,,,,,,,,,,,,,,,,,,,,,,,,,,,,,,3.05500005,2.711811414,3.134591005,3.715833602,3.501925469,4.14125913,3.442616419,3.744309509,3.276710273,4.856787787,,,,,,,,0.991356966,0.910489467,0.925369276,0.545963946,
Cambodia,KHM,"Intentional homicides, female (per 100,000 female)",VC.IHR.PSRC.FE.P5,,,,,,,,,,,,,,,,,,,,,,,,,,,,,,,,,,,,,,,,,,,,,,,,,,,,,,,,,,,,,,
Kiribati,KIR,"Intentional homicides, female (per 100,000 female)",VC.IHR.PSRC.FE.P5,,,,,,,,,,,,,,,,,,,,,,,,,,,,,,,,,,,,,,,,,,,,,,,,,,,,,,,,,,,,,,
St. Kitts and Nevis,KNA,"Intentional homicides, female (per 100,000 female)",VC.IHR.PSRC.FE.P5,,,,,,,,,,,,,,,,,,,,,,,,,,,,,,,,,,,,,,,,0,,,0,0,0,,,,,,,,,,,,,,,,,
"Korea, Rep.",KOR,"Intentional homicides, female (per 100,000 female)",VC.IHR.PSRC.FE.P5,,,,,,,,,,,,,,,,,,,,,,,,,,,,,,,,,,,,,,,,,,,,,,,,,,,,0.873812885,0.876740706,0.724538272,0.76438244,0.78084753,0.758657133,0.599992541,0.602897423,0.602130196,0.53899241,
Kuwait,KWT,"Intentional homicides, female (per 100,000 female)",VC.IHR.PSRC.FE.P5,,,,,,,,,,,,,,,,,,,,,,,,,,,,,,,,,,,,,,,,,,,,0.564338544,1.22248166,1.720946391,0.613852188,1.154707743,0.990005445,1.010958793,1.03010114,0.823472253,0.709982712,,,,,,,,,
Latin America & Caribbean (excluding high income),LAC,"Intentional homicides, female (per 100,000 female)",VC.IHR.PSRC.FE.P5,,,,,,,,,,,,,,,,,,,,,,,,,,,,,,,,,,,,,,,,,,,,,,,,,,,,,,,,,,,,,,
Lao PDR,LAO,"Intentional homicides, female (per 100,000 female)",VC.IHR.PSRC.FE.P5,,,,,,,,,,,,,,,,,,,,,,,,,,,,,,,,,,,,,,,,,,,,,,,,,,,,,,,,,,,,,,
Lebanon,LBN,"Intentional homicides, female (per 100,000 female)",VC.IHR.PSRC.FE.P5,,,,,,,,,,,,,,,,,,,,,,,,,,,,,,,,,,,,,,,,,,,,,,,,,,,,,,,,,,,,,,
Liberia,LBR,"Intentional homicides, female (per 100,000 female)",VC.IHR.PSRC.FE.P5,,,,,,,,,,,,,,,,,,,,,,,,,,,,,,,,,,,,,,,,,,,,,,,,,,,,,,,,,,,,,,
Libya,LBY,"Intentional homicides, female (per 100,000 female)",VC.IHR.PSRC.FE.P5,,,,,,,,,,,,,,,,,,,,,,,,,,,,,,,,,,,,,,,,,,,,,,,,,,,,,,,,,,,,,,
St. Lucia,LCA,"Intentional homicides, female (per 100,000 female)",VC.IHR.PSRC.FE.P5,,,,,,,,,,,,,,,,,,,,,,,,,,,,,,,7.120478496,4.211294692,4.157888901,0,4.059814602,4.009569506,1.318704505,6.502204247,2.565319446,2.532992224,3.085873141,,8.163450418,2.587861492,4.721980628,,,,,6.963171607,6.220734273,8.211696516,7.05296627,5.549697541,0,5.499340079,2.188830398,4.355495547,4.333225003,0,5.364403961,
Latin America & Caribbean,LCN,"Intentional homicides, female (per 100,000 female)",VC.IHR.PSRC.FE.P5,,,,,,,,,,,,,,,,,,,,,,,,,,,,,,,,,,,,,,,,,,,,,,,,,,,,,,,,,,,,,,
Least developed countries: UN classification,LDC,"Intentional homicides, female (per 100,000 female)",VC.IHR.PSRC.FE.P5,,,,,,,,,,,,,,,,,,,,,,,,,,,,,,,,,,,,,,,,,,,,,,,,,,,,,,,,,,,,,,
Low income,LIC,"Intentional homicides, female (per 100,000 female)",VC.IHR.PSRC.FE.P5,,,,,,,,,,,,,,,,,,,,,,,,,,,,,,,,,,,,,,,,,,,,,,,,,,,,,,,,,,,,,,
Liechtenstein,LIE,"Intentional homicides, female (per 100,000 female)",VC.IHR.PSRC.FE.P5,,,,,,,,,,,,,,,,,,,,,,,,,,,,,,,,,,,,,,,,,,,,,,,,,,0,0,0,0,0,0,0,0,,,,,
Sri Lanka,LKA,"Intentional homicides, female (per 100,000 female)",VC.IHR.PSRC.FE.P5,,,,,,,,,,,,,,,,,,,,,,,,,,,,,,,,,,,,,,,,,,,,,,,,,3.420071173,1.970769125,1.616095542,1.763767132,1.616223176,1.368533643,1.162571702,1.02489649,1.192345181,0.793085534,0.933655103,2.245201423,,
Lower middle income,LMC,"Intentional homicides, female (per 100,000 female)",VC.IHR.PSRC.FE.P5,,,,,,,,,,,,,,,,,,,,,,,,,,,,,,,,,,,,,,,,,,,,,,,,,,,,,,,,,,,,,,
Low & middle income,LMY,"Intentional homicides, female (per 100,000 female)",VC.IHR.PSRC.FE.P5,,,,,,,,,,,,,,,,,,,,,,,,,,,,,,,,,,,,,,,,,,,,,,,,,,,,,,,,,,,,,,
Lesotho,LSO,"Intentional homicides, female (per 100,000 female)",VC.IHR.PSRC.FE.P5,,,,,,,,,,,,,,,,,,,,,,,,,,,,,,,,,,,,,,,,,,,,,,,,,,,,,,,,,,,,,,
Late-demographic dividend,LTE,"Intentional homicides, female (per 100,000 female)",VC.IHR.PSRC.FE.P5,,,,,,,,,,,,,,,,,,,,,,,,,,,,,,,,,,,,,,,,,,,,,,,,,,,,,,,,,,,,,,
Lithuania,LTU,"Intentional homicides, female (per 100,000 female)",VC.IHR.PSRC.FE.P5,,,,,,,,,,,,,,,,,,,,,,,,,,,,,,,,,,5.172524399,6.358227637,7.961381848,6.109456446,6.071876562,4.842289243,4.882843171,5.46923666,4.823480327,3.794479189,5.683493228,7.191251897,5.584451992,4.233200825,4.111802186,4.683894919,3.748398145,4.44873896,3.963614023,3.221737611,3.692232712,3.304008698,3.097864054,2.953250052,1.69686211,1.128175316,1.4833254,1.983171762,
Luxembourg,LUX,"Intentional homicides, female (per 100,000 female)",VC.IHR.PSRC.FE.P5,,,,,,,,,,,,,,,,,,,,,,,,,,,,,,,,,,,,,0.949631543,,,,,1.791159731,,,0.436652621,,0.848755936,1.249547039,,0,1.956235108,0,0,0,0.722600785,,,,,0.328277854,0,
Latvia,LVA,"Intentional homicides, female (per 100,000 female)",VC.IHR.PSRC.FE.P5,,,,,,,,,,,,,,,,,,,,,,,,,,,,,,,,,,,,,,,,,,,,,,,,,,,,,3.298838185,2.165222734,3.339109384,2.720962,3.18211725,3.981359653,4.128402932,4.082457873,4.130337724,
"Macao SAR, China",MAC,"Intentional homicides, female (per 100,000 female)",VC.IHR.PSRC.FE.P5,,,,,,,,,,,,,,,,,,,,,,,,,,,,,,,,,,,3.09146087,,,,,,,,,,,,,,1.11556096,1.094307413,0,1.047932429,0.341117638,0.333095725,0.32571168,0.319231801,0,0.617764434,0.304588318,0,0.593045943,
St. Martin (French part),MAF,"Intentional homicides, female (per 100,000 female)",VC.IHR.PSRC.FE.P5,,,,,,,,,,,,,,,,,,,,,,,,,,,,,,,,,,,,,,,,,,,,,,,,,,,,,,,,,,,,,,
Morocco,MAR,"Intentional homicides, female (per 100,000 female)",VC.IHR.PSRC.FE.P5,,,,,,,,,,,,,,,,,,,,,,,,,,,,,,,,,,,,,,,,,,,,,,,,,,0.326750988,,,0.332815172,0.387169144,0.341644779,0.55452118,0.592691571,0.62992428,0.385461557,0.636606403,0.451766625,
Monaco,MCO,"Intentional homicides, female (per 100,000 female)",VC.IHR.PSRC.FE.P5,,,,,,,,,,,,,,,,,,,,,,,,,,,,,,,,,,,,,,,,,,,,,,,,,,,,,,0,,0,,,,,,
Moldova,MDA,"Intentional homicides, female (per 100,000 female)",VC.IHR.PSRC.FE.P5,,,,,,,,,,,,,,,,,,,,,,,,,,,,,,,,4.23444433,5.514091403,4.945021409,4.555980522,4.142641432,5.002016476,4.751776493,4.080580696,4.457090409,5.489218414,5.505350898,5.808606787,4.931304022,4.250052857,4.614027381,3.519701529,3.163972405,4.255559936,3.335318866,4.807678711,4.108876732,2.978086953,3.26230646,0.803769965,2.22281287,2.271605452,1.705322216,1.944551816,1.424900613,1.236911337,
Madagascar,MDG,"Intentional homicides, female (per 100,000 female)",VC.IHR.PSRC.FE.P5,,,,,,,,,,,,,,,,,,,,,,,,,,,,,,,,,,,,,,,,,,,,,,,,,,,,,,,,,,,,,,
Maldives,MDV,"Intentional homicides, female (per 100,000 female)",VC.IHR.PSRC.FE.P5,,,,,,,,,,,,,,,,,,,,,,,,,,,,,,,,,,,,,,,,,,,,,,,,,,,,,,,,,2.144001887,2.639567111,,,,
Middle East & North Africa,MEA,"Intentional homicides, female (per 100,000 female)",VC.IHR.PSRC.FE.P5,,,,,,,,,,,,,,,,,,,,,,,,,,,,,,,,,,,,,,,,,,,,,,,,,,,,,,,,,,,,,,
Mexico,MEX,"Intentional homicides, female (per 100,000 female)",VC.IHR.PSRC.FE.P5,,,,,,,,,,,,,,,,,,,,,,,,,,,,,,,3.592726794,3.557436795,3.689214626,3.459639807,3.228123616,3.277263541,3.085116459,2.849921537,3.136212762,2.847227735,2.553179504,2.513481302,2.471693734,2.505867836,2.26121315,2.397770649,2.363695791,1.942995005,2.518258629,3.35793363,4.149849237,4.557759866,4.61444724,4.362302249,3.916000934,3.827246785,4.463802576,5.380153911,5.819764469,5.973411705,6.008083628,
Marshall Islands,MHL,"Intentional homicides, female (per 100,000 female)",VC.IHR.PSRC.FE.P5,,,,,,,,,,,,,,,,,,,,,,,,,,,,,,,,,,,,,,,,,,,,,,,,,,,,,,,,,,,,,,
Middle income,MIC,"Intentional homicides, female (per 100,000 female)",VC.IHR.PSRC.FE.P5,,,,,,,,,,,,,,,,,,,,,,,,,,,,,,,,,,,,,,,,,,,,,,,,,,,,,,,,,,,,,,
North Macedonia,MKD,"Intentional homicides, female (per 100,000 female)",VC.IHR.PSRC.FE.P5,,,,,,,,,,,,,,,,,,,,,,,,,,,,,,,,,,,,,,,0.956795691,0.851971805,1.138118493,,0.849584685,1.65349437,1.190991245,0.903209596,0.871967974,1.064460846,0.870125965,1.159300439,1.448139238,0.385923442,1.060650912,0.674562907,0.963087736,0.192504825,0.577162821,0.384537368,0.864736063,0.384189452,,
Mali,MLI,"Intentional homicides, female (per 100,000 female)",VC.IHR.PSRC.FE.P5,,,,,,,,,,,,,,,,,,,,,,,,,,,,,,,,,,,,,,,,,,,,,,,,,,,,,,,,,,,,,,
Malta,MLT,"Intentional homicides, female (per 100,000 female)",VC.IHR.PSRC.FE.P5,,,,,,,,,,,,,,,,,,,,,,,,,,,,,,,,,,,,,,,,,,,,,1.970375406,0.980541161,0,0.486255975,0.484299026,1.446124627,0.479273804,1.427803135,1.416497474,0,0.464690493,0.923412193,0.918864284,0.45772875,1.825892062,1.366157545,0.45429972,
Myanmar,MMR,"Intentional homicides, female (per 100,000 female)",VC.IHR.PSRC.FE.P5,,,,,,,,,,,,,,,,,,,,,,,,,,,,,,,,,,,,,,,,,,,,,,,,,,0.503653777,0.57628487,0.378633844,0.904899494,0.774372557,0.760654602,0.707240868,0.163762443,,,,0.014189628,
Middle East & North Africa (excluding high income),MNA,"Intentional homicides, female (per 100,000 female)",VC.IHR.PSRC.FE.P5,,,,,,,,,,,,,,,,,,,,,,,,,,,,,,,,,,,,,,,,,,,,,,,,,,,,,,,,,,,,,,
Montenegro,MNE,"Intentional homicides, female (per 100,000 female)",VC.IHR.PSRC.FE.P5,,,,,,,,,,,,,,,,,,,,,,,,,,,,,,,,,,,,,,,,,,,,,,,,0.954359354,1.587447733,2.117642381,2.215189873,0.94827777,0.947520024,0.315677491,1.262164107,0.946228962,0.945841137,1.260608811,0.630097886,1.574892435,0.944884866,
Mongolia,MNG,"Intentional homicides, female (per 100,000 female)",VC.IHR.PSRC.FE.P5,,,,,,,,,,,,,,,,,,,,,,,,,,,,,,,,,,,,,,,,,,,,,,,,5.091911314,3.698238808,4.380595004,4.887150587,4.294004782,3.998151031,3.985032767,3.634197801,3.363321854,2.521565854,2.854011599,2.801411662,2.446133092,2.164433192,
Northern Mariana Islands,MNP,"Intentional homicides, female (per 100,000 female)",VC.IHR.PSRC.FE.P5,,,,,,,,,,,,,,,,,,,,,,,,,,,,,,,,,,,,,,,,,,,,,,,,,,,,,,,,,,,,,,
Mozambique,MOZ,"Intentional homicides, female (per 100,000 female)",VC.IHR.PSRC.FE.P5,,,,,,,,,,,,,,,,,,,,,,,,,,,,,,,,,,,,,,,,,,,,,,,,,,,,,,,,,,,,,,
Mauritania,MRT,"Intentional homicides, female (per 100,000 female)",VC.IHR.PSRC.FE.P5,,,,,,,,,,,,,,,,,,,,,,,,,,,,,,,,,,,,,,,,,,,,,,,,,,,,,,,,,,,,,,
Mauritius,MUS,"Intentional homicides, female (per 100,000 female)",VC.IHR.PSRC.FE.P5,,,,,,,,,,,,,,,,,,,,,,,,,,,,,,,0.821389104,0.82066816,1.606914779,1.06823632,2.072232393,0.883350088,1.384042801,0.827604757,1.132980477,1.647852237,1.903912268,,,1.798415181,1.141483635,2.13429088,2.050025701,1.972080021,2.806108948,2.550268177,1.271102284,1.267931322,1.581797935,1.737065181,1.261123503,0.943897858,1.569262541,2.034368305,2.184411106,0.93356299,1.707313666,
Malawi,MWI,"Intentional homicides, female (per 100,000 female)",VC.IHR.PSRC.FE.P5,,,,,,,,,,,,,,,,,,,,,,,,,,,,,,,,,,,,,,,,,,,,,,,,,,,,,,,,,,,,,,
Malaysia,MYS,"Intentional homicides, female (per 100,000 female)",VC.IHR.PSRC.FE.P5,,,,,,,,,,,,,,,,,,,,,,,,,,,,,,,,,,,,,,,,,,,,,,,,,,,,,,,,,,,,,,
North America,NAC,"Intentional homicides, female (per 100,000 female)",VC.IHR.PSRC.FE.P5,,,,,,,,,,,,,,,,,,,,,,,,,,,,,,,,,,,,,,,,,,,,,,,,,,,,,,,,,,,,,,
Namibia,NAM,"Intentional homicides, female (per 100,000 female)",VC.IHR.PSRC.FE.P5,,,,,,,,,,,,,,,,,,,,,,,,,,,,,,,,,,,,,,,,,,,,,,,,,,,,,,,,,,,,,6.874253857,
New Caledonia,NCL,"Intentional homicides, female (per 100,000 female)",VC.IHR.PSRC.FE.P5,,,,,,,,,,,,,,,,,,,,,,,,,,,,,,,,,,,,,,,,,,,,,,,,,,,,,,,,,,,,,,
Niger,NER,"Intentional homicides, female (per 100,000 female)",VC.IHR.PSRC.FE.P5,,,,,,,,,,,,,,,,,,,,,,,,,,,,,,,,,,,,,,,,,,,,,,,,,,,,,,,,,,,,,,
Nigeria,NGA,"Intentional homicides, female (per 100,000 female)",VC.IHR.PSRC.FE.P5,,,,,,,,,,,,,,,,,,,,,,,,,,,,,,,,,,,,,,,,,,,,,,,,,,,,,,,,,,,,,,
Nicaragua,NIC,"Intentional homicides, female (per 100,000 female)",VC.IHR.PSRC.FE.P5,,,,,,,,,,,,,,,,,,,,,,,,,,,,,,,,,,,,,,,,,,,,,,,,,2.017994246,3.241360116,2.639613561,1.843374208,2.111700384,2.113595001,,2.091218972,1.501482714,1.791315456,1.921416505,1.596616859,,
Netherlands,NLD,"Intentional homicides, female (per 100,000 female)",VC.IHR.PSRC.FE.P5,,,,,,,,,,,,,,,,,,,,,,,,,,,,,,,0.568532193,0.775093895,0.691810904,0.713338826,0.657293659,0.960633865,0.840261459,0.797357229,0.591433848,0.738221704,0.746505607,0.841295848,0.750512255,0.893340307,0.645321855,0.690818824,0.591392678,0.565133975,0.563204417,0.597219085,0.642970198,0.593499495,0.591704772,0.660789885,0.353044806,0.493067413,0.374869279,0.502776789,0.420193962,0.489379988,0.511763108,
Norway,NOR,"Intentional homicides, female (per 100,000 female)",VC.IHR.PSRC.FE.P5,,,,,,,,,,,,,,,,,,,,,,,,,,,,,,,0.536016009,0.701932514,0.586250945,0.787656459,0.707522196,0.718796963,0.906637038,0.539612241,0.550932509,0.538387557,0.957372873,0.638727326,0.668593378,1.060092668,0.517562179,0.684103209,0.892858661,0.71669447,0.41770379,0.496290846,0.613889621,2.104670101,0.360079073,0.79097435,0.508529009,0.542223947,0.422314807,0.495249604,0.340444204,0.601041229,0.559438682,
Nepal,NPL,"Intentional homicides, female (per 100,000 female)",VC.IHR.PSRC.FE.P5,,,,,,,,,,,,,,,,,,,,,,,,,,,,,,,,,,,,,,,,,,,,,,,,,,,,,,,,,,,,,,
Nauru,NRU,"Intentional homicides, female (per 100,000 female)",VC.IHR.PSRC.FE.P5,,,,,,,,,,,,,,,,,,,,,,,,,,,,,,,,,,,,,,,,,,,,,,,,,,,,,,,,,,,,,,
New Zealand,NZL,"Intentional homicides, female (per 100,000 female)",VC.IHR.PSRC.FE.P5,,,,,,,,,,,,,,,,,,,,,,,,,,,,,,,,,,,,0.604439447,0.860703899,1.250273131,1.117380543,0.545057364,1.058519325,1.063120456,1.31503967,0.689421619,0.573540062,1.267522879,0.812145108,0.880431801,1.05512186,1.135526444,1.01262599,0.667231886,0.924040362,0.52231504,0.589242591,0.682138128,0.928956372,0.543903242,,1.11024302,,
OECD members,OED,"Intentional homicides, female (per 100,000 female)",VC.IHR.PSRC.FE.P5,,,,,,,,,,,,,,,,,,,,,,,,,,,,,,,,,,,,,,,,,,,,,,,,,,,,,,,,,,,,,,
Oman,OMN,"Intentional homicides, female (per 100,000 female)",VC.IHR.PSRC.FE.P5,,,,,,,,,,,,,,,,,,,,,,,,,,,,,,,,,,,,,,,,,,,,,,,,,,,,,,,0.420784511,0.269470053,0.324720237,0.251166985,0.121750628,0.354915341,0.230362729,
Other small states,OSS,"Intentional homicides, female (per 100,000 female)",VC.IHR.PSRC.FE.P5,,,,,,,,,,,,,,,,,,,,,,,,,,,,,,,,,,,,,,,,,,,,,,,,,,,,,,,,,,,,,,
Pakistan,PAK,"Intentional homicides, female (per 100,000 female)",VC.IHR.PSRC.FE.P5,,,,,,,,,,,,,,,,,,,,,,,,,,,,,,,,,,,,,,,,,,,,,,,,,,,,,,,,,,,,,,
Panama,PAN,"Intentional homicides, female (per 100,000 female)",VC.IHR.PSRC.FE.P5,,,,,,,,,,,,,,,,,,,,,,,,,,,,,,,,,,,,,1.611332962,2.127638952,2.801996797,1.26819051,1.927013924,1.749719867,2.511351297,2.257955,1.663084875,2.151297563,1.127436524,1.223346342,1.773167289,2.246885536,1.710387292,1.409330963,1.816669869,2.617240601,1.967828845,2.503629694,2.1856512,1.90365179,1.679074226,2.216974858,2.13468171,
Peru,PER,"Intentional homicides, female (per 100,000 female)",VC.IHR.PSRC.FE.P5,,,,,,,,,,,,,,,,,,,,,,,,,,,,,,,,,,,,,,,,,,,,,,,,,,,,1.886701723,2.119260651,2.064774309,2.259329545,2.608008385,3.211226448,3.227835132,3.29758814,,,
Philippines,PHL,"Intentional homicides, female (per 100,000 female)",VC.IHR.PSRC.FE.P5,,,,,,,,,,,,,,,,,,,,,,,,,,,,,,,,,,,,,,,,,,,,,,,,2.143652243,2.653042929,3.435549215,2.604532941,2.151133814,2.254348497,,,,1.824517482,1.307998874,0.927423966,0.804824486,,
Palau,PLW,"Intentional homicides, female (per 100,000 female)",VC.IHR.PSRC.FE.P5,,,,,,,,,,,,,,,,,,,,,,,,,,,,,,,,,,,,,,,,,,,,,,,,,,,,,,,,,,,,,,
Papua New Guinea,PNG,"Intentional homicides, female (per 100,000 female)",VC.IHR.PSRC.FE.P5,,,,,,,,,,,,,,,,,,,,,,,,,,,,,,,,,,,,,,,,,,,,,,,,,,,,,,,,,,,,,,
Poland,POL,"Intentional homicides, female (per 100,000 female)",VC.IHR.PSRC.FE.P5,,,,,,,,,,,,,,,,,,,,,,,,,,,,,,,1.115529144,1.371714852,1.106419564,1.259308432,1.260231394,1.202619035,1.328938813,,,0.92562484,1.152871476,1.101849528,1.030458329,1.035566865,0.777113541,0.728682084,0.707923952,0.584110687,0.44697539,0.566247529,0.597230684,0.666409579,0.561353016,0.434937964,0.469611034,0.57144968,0.362745098,0.480701399,0.424742293,0.409684281,0.456206204,
Pre-demographic dividend,PRE,"Intentional homicides, female (per 100,000 female)",VC.IHR.PSRC.FE.P5,,,,,,,,,,,,,,,,,,,,,,,,,,,,,,,,,,,,,,,,,,,,,,,,,,,,,,,,,,,,,,
Puerto Rico,PRI,"Intentional homicides, female (per 100,000 female)",VC.IHR.PSRC.FE.P5,,,,,,,,,,,,,,,,,,,,,,,,,,,,,,,4.274565107,6.129079359,4.241824401,5.484354574,4.593060177,4.22584854,4.114160371,3.120347768,3.131357634,2.961708893,3.883694884,3.617958287,3.306718622,3.103992155,3.587440161,3.491075278,2.385943927,2.657521956,3.411101109,2.995349186,3.439558361,4.430779871,4.512274746,2.906138312,2.889921233,2.097601987,3.264837813,2.053184731,3.198952249,2.465230519,3.055824601,
"Korea, Dem. People's Rep.",PRK,"Intentional homicides, female (per 100,000 female)",VC.IHR.PSRC.FE.P5,,,,,,,,,,,,,,,,,,,,,,,,,,,,,,,,,,,,,,,,,,,,,,,,,,,,,,,,,,,,,,
Portugal,PRT,"Intentional homicides, female (per 100,000 female)",VC.IHR.PSRC.FE.P5,,,,,,,,,,,,,,,,,,,,,,,,,,,,,,,,,,,0.771790709,0.666392711,0.508443534,0.536237472,0.595011604,0.626058866,0.672925231,0.468623474,0.694126691,0.618179439,0.726286591,0.605354566,0.775361836,0.943377738,0.655064368,0.686333104,0.755941694,0.707871197,0.747748492,0.945582283,0.877306725,,,,,,,
Paraguay,PRY,"Intentional homicides, female (per 100,000 female)",VC.IHR.PSRC.FE.P5,,,,,,,,,,,,,,,,,,,,,,,,,,,,,,,,,,,,,,,,,,,,,,,,1.558963208,1.973120085,2.277484785,2.377859457,1.9926292,2.314585822,1.626420068,2.128963343,1.735104357,1.651911592,1.689301329,1.842633269,1.55900352,1.966837411,
West Bank and Gaza,PSE,"Intentional homicides, female (per 100,000 female)",VC.IHR.PSRC.FE.P5,,,,,,,,,,,,,,,,,,,,,,,,,,,,,,,,,,,,,,,,,,,,,,,,,,,0.480494429,0.153127365,0.1914307,,,0.313764161,,0.213772142,0.125189819,0.285124021,0.556782908,
Pacific island small states,PSS,"Intentional homicides, female (per 100,000 female)",VC.IHR.PSRC.FE.P5,,,,,,,,,,,,,,,,,,,,,,,,,,,,,,,,,,,,,,,,,,,,,,,,,,,,,,,,,,,,,,
Post-demographic dividend,PST,"Intentional homicides, female (per 100,000 female)",VC.IHR.PSRC.FE.P5,,,,,,,,,,,,,,,,,,,,,,,,,,,,,,,,,,,,,,,,,,,,,,,,,,,,,,,,,,,,,,
French Polynesia,PYF,"Intentional homicides, female (per 100,000 female)",VC.IHR.PSRC.FE.P5,,,,,,,,,,,,,,,,,,,,,,,,,,,,,,,,,,,,,,,,,,,,,,,,,,,,,,,,,,,,,,
Qatar,QAT,"Intentional homicides, female (per 100,000 female)",VC.IHR.PSRC.FE.P5,,,,,,,,,,,,,,,,,,,,,,,,,,,,,,,,,,,,,,,,,,0.462568923,,,0.385502039,1.424684076,0.326656475,0.895199048,0.272380112,0.498300794,0,0,0.195209176,0.181881675,0.34205985,0.162469801,0.779473045,0.150830473,0,0,0.279358871,
Romania,ROU,"Intentional homicides, female (per 100,000 female)",VC.IHR.PSRC.FE.P5,,,,,,,,,,,,,,,,,,,,,,,,,,,,,,,1.631486199,1.552281301,1.802563084,1.697146795,1.893777039,1.793035677,1.892799378,1.919107754,1.441783577,1.430729064,1.238097462,1.574650581,2.17376797,2.140653336,1.393321052,1.420931838,1.009706585,1.138715656,0.943401954,0.82906842,0.854551369,0.659611879,0.798154129,0.560775494,1.040218644,0.929066279,0.895810364,0.882293169,0.818758189,0.713835366,0.971289295,
Russian Federation,RUS,"Intentional homicides, female (per 100,000 female)",VC.IHR.PSRC.FE.P5,,,,,,,,,,,,,,,,,,,,,,,,,,,,,,,6.508172261,6.751323345,9.876541705,13.47744579,14.34340514,13.69416116,12.26844565,11.07193793,10.75642493,12.63502111,13.26930742,13.84935191,13.84247335,13.35318788,12.52595895,11.51900624,9.402113418,8.07654921,5.854159149,6.013582809,5.664317543,5.263196131,5.486869729,5.191858809,5.398106003,5.338391294,5.325208235,4.460887815,4.057365704,3.731985917,3.528998797,
Rwanda,RWA,"Intentional homicides, female (per 100,000 female)",VC.IHR.PSRC.FE.P5,,,,,,,,,,,,,,,,,,,,,,,,,,,,,,,,,,,,,,,,,,,,,,,,,,,,,,,,,,,,,,
South Asia,SAS,"Intentional homicides, female (per 100,000 female)",VC.IHR.PSRC.FE.P5,,,,,,,,,,,,,,,,,,,,,,,,,,,,,,,,,,,,,,,,,,,,,,,,,,,,,,,,,,,,,,
Saudi Arabia,SAU,"Intentional homicides, female (per 100,000 female)",VC.IHR.PSRC.FE.P5,,,,,,,,,,,,,,,,,,,,,,,,,,,,,,,,,,,,,,,,,,,,,,,,,,,,,,,,,,0.297322757,,,,
Sudan,SDN,"Intentional homicides, female (per 100,000 female)",VC.IHR.PSRC.FE.P5,,,,,,,,,,,,,,,,,,,,,,,,,,,,,,,,,,,,,,,,,,,,,,,,,,,,,,,,,,,,,,
Senegal,SEN,"Intentional homicides, female (per 100,000 female)",VC.IHR.PSRC.FE.P5,,,,,,,,,,,,,,,,,,,,,,,,,,,,,,,,,,,,,,,,,,,,,,,,,,,,,,,,,,,,,,
Singapore,SGP,"Intentional homicides, female (per 100,000 female)",VC.IHR.PSRC.FE.P5,,,,,,,,,,,,,,,,,,,,,,,,,,,,,,,,,,,,,,,,,,,,,,,0.230676144,0.223413762,0.475165682,0.292914237,0.122148395,0.238863678,0.234464573,0.230880764,0.265792942,0.112542527,0.259758862,0.183785691,0.255109664,0.253062325,0.179334497,
Solomon Islands,SLB,"Intentional homicides, female (per 100,000 female)",VC.IHR.PSRC.FE.P5,,,,,,,,,,,,,,,,,,,,,,,,,,,,,,,,,,,,,,,,,,,,,,,,,,,,,,,,,,,,,,
Sierra Leone,SLE,"Intentional homicides, female (per 100,000 female)",VC.IHR.PSRC.FE.P5,,,,,,,,,,,,,,,,,,,,,,,,,,,,,,,,,,,,,,,,,,,,,,,,,,,,,,,,,,,,,,
El Salvador,SLV,"Intentional homicides, female (per 100,000 female)",VC.IHR.PSRC.FE.P5,,,,,,,,,,,,,,,,,,,,,,,,,,,,,,,,,,,,,,,,,,,,,,12.57789598,14.05624823,10.61815129,9.842684712,18.27690186,17.25303448,19.17122899,9.774806075,6.550338293,8.824358351,17.15812351,15.54689927,13.83352692,11.31861249,6.705154252,,
San Marino,SMR,"Intentional homicides, female (per 100,000 female)",VC.IHR.PSRC.FE.P5,,,,,,,,,,,,,,,,,,,,,,,,,,,,,,,,,,,,0,0,0,0,0,0,0,,0,0,0,0,0,0,0,0,0,,,,,,,,,,
Somalia,SOM,"Intentional homicides, female (per 100,000 female)",VC.IHR.PSRC.FE.P5,,,,,,,,,,,,,,,,,,,,,,,,,,,,,,,,,,,,,,,,,,,,,,,,,,,,,,,,,,,,,,
Serbia,SRB,"Intentional homicides, female (per 100,000 female)",VC.IHR.PSRC.FE.P5,,,,,,,,,,,,,,,,,,,,,,,,,,,,,,,,,,,,,,,,,1.238136323,1.580508422,1.177057028,1.4183125,1.083381532,0.958926412,1.092483435,1.184168825,0.822094437,0.825685602,0.916072692,0.853378613,0.833762648,1.03370062,0.837668082,0.684976153,0.908188359,0.644066878,0.6236608,0.648075974,0.515958947,
Sub-Saharan Africa (excluding high income),SSA,"Intentional homicides, female (per 100,000 female)",VC.IHR.PSRC.FE.P5,,,,,,,,,,,,,,,,,,,,,,,,,,,,,,,,,,,,,,,,,,,,,,,,,,,,,,,,,,,,,,
South Sudan,SSD,"Intentional homicides, female (per 100,000 female)",VC.IHR.PSRC.FE.P5,,,,,,,,,,,,,,,,,,,,,,,,,,,,,,,,,,,,,,,,,,,,,,,,,,,,,,,,,,,,,,
Sub-Saharan Africa,SSF,"Intentional homicides, female (per 100,000 female)",VC.IHR.PSRC.FE.P5,,,,,,,,,,,,,,,,,,,,,,,,,,,,,,,,,,,,,,,,,,,,,,,,,,,,,,,,,,,,,,
Small states,SST,"Intentional homicides, female (per 100,000 female)",VC.IHR.PSRC.FE.P5,,,,,,,,,,,,,,,,,,,,,,,,,,,,,,,,,,,,,,,,,,,,,,,,,,,,,,,,,,,,,,
Sao Tome and Principe,STP,"Intentional homicides, female (per 100,000 female)",VC.IHR.PSRC.FE.P5,,,,,,,,,,,,,,,,,,,,,,,,,,,,,,,,,,,,,,,,,,,,,,,0,0,0,0,0,0,,,,,,,,,,
Suriname,SUR,"Intentional homicides, female (per 100,000 female)",VC.IHR.PSRC.FE.P5,,,,,,,,,,,,,,,,,,,,,,,,,,,,,,,,,,,,,,,,,,,,,,,,5.757713497,3.898559482,,,,,1.103659367,2.182985087,3.95938392,5.699365589,3.878934915,2.44444134,2.421240505,3.426863871,
Slovak Republic,SVK,"Intentional homicides, female (per 100,000 female)",VC.IHR.PSRC.FE.P5,,,,,,,,,,,,,,,,,,,,,,,,,,,,,,,,,,,,,,,,,1.224106987,1.187492038,1.762573444,1.690174476,1.294383419,1.15046459,0.539273491,1.006667736,0.862843479,1.150271051,1.113921867,1.113257424,0.645888204,0.824537372,0.680506497,0.501002004,0.715199126,0.679025163,0.928741256,0.535618831,0.999584458,
Slovenia,SVN,"Intentional homicides, female (per 100,000 female)",VC.IHR.PSRC.FE.P5,,,,,,,,,,,,,,,,,,,,,,,,,,,,,,,,,,,,,,,,,,,,,0.687711963,0.980887409,0.293723712,0.781614092,0.487395941,0.680714673,0.776054828,0.677374342,0.579191391,0.288939121,0.576745062,1.055714873,0.191738928,0.862272971,0.478921239,0.383152773,0.574876737,
Sweden,SWE,"Intentional homicides, female (per 100,000 female)",VC.IHR.PSRC.FE.P5,,,,,,,,,,,,,,,,,,,,,,,,,,,,,,,,,,,,,,,,0.640268535,0.822453812,0.652532369,0.805276989,0.59644934,0.896465707,0.672241932,0.779357536,0.690923116,0.596851906,0.822570825,0.570473961,0.526585068,0.445687903,0.539812747,0.515410039,0.593764287,0.589785605,0.545546792,0.662596317,0.498922925,0.495999959,
Eswatini,SWZ,"Intentional homicides, female (per 100,000 female)",VC.IHR.PSRC.FE.P5,,,,,,,,,,,,,,,,,,,,,,,,,,,,,,,,,,,,,,,,,,,,,,,,,,,,,,,,,,,,,,
Sint Maarten (Dutch part),SXM,"Intentional homicides, female (per 100,000 female)",VC.IHR.PSRC.FE.P5,,,,,,,,,,,,,,,,,,,,,,,,,,,,,,,,,,,,,,,,,,,,,,,,,,,,,,,,,,,,,,
Seychelles,SYC,"Intentional homicides, female (per 100,000 female)",VC.IHR.PSRC.FE.P5,,,,,,,,,,,,,,,,,,,,,,,,,,,,,,,,,,,,,,,,,,,,,4.145515899,,5.773172069,3.269008775,2.70788672,6.34057971,2.910106801,11.38595542,0.993638231,14.48846658,5.390899151,,,,,,,
Syrian Arab Republic,SYR,"Intentional homicides, female (per 100,000 female)",VC.IHR.PSRC.FE.P5,,,,,,,,,,,,,,,,,,,,,,,,,,,,,,,,,,,,,,,,,,,,,,,,,,,,,,,,,,,,,,
Turks and Caicos Islands,TCA,"Intentional homicides, female (per 100,000 female)",VC.IHR.PSRC.FE.P5,,,,,,,,,,,,,,,,,,,,,,,,,,,,,,,,,0,0,,,0,,,,,,0,,,,,,,0,,,,,0,,,,,,,
Chad,TCD,"Intentional homicides, female (per 100,000 female)",VC.IHR.PSRC.FE.P5,,,,,,,,,,,,,,,,,,,,,,,,,,,,,,,,,,,,,,,,,,,,,,,,,,,,,,,,,,,,,,
East Asia & Pacific (IDA & IBRD countries),TEA,"Intentional homicides, female (per 100,000 female)",VC.IHR.PSRC.FE.P5,,,,,,,,,,,,,,,,,,,,,,,,,,,,,,,,,,,,,,,,,,,,,,,,,,,,,,,,,,,,,,
Europe & Central Asia (IDA & IBRD countries),TEC,"Intentional homicides, female (per 100,000 female)",VC.IHR.PSRC.FE.P5,,,,,,,,,,,,,,,,,,,,,,,,,,,,,,,,,,,,,,,,,,,,,,,,,,,,,,,,,,,,,,
Togo,TGO,"Intentional homicides, female (per 100,000 female)",VC.IHR.PSRC.FE.P5,,,,,,,,,,,,,,,,,,,,,,,,,,,,,,,,,,,,,,,,,,,,,,,,,,,,,,,,,,,,,,
Thailand,THA,"Intentional homicides, female (per 100,000 female)",VC.IHR.PSRC.FE.P5,,,,,,,,,,,,,,,,,,,,,,,,,,,,,,,,,,,,2.380236906,2.442412146,2.482020834,2.607620576,2.585248039,2.830571881,,2.147588182,2.907856325,1.52589367,1.869857435,1.734392309,1.769947559,1.553051623,1.442667302,1.334252852,1.292493601,1.370576414,1.086104601,1.153302458,,,,,,,
Tajikistan,TJK,"Intentional homicides, female (per 100,000 female)",VC.IHR.PSRC.FE.P5,,,,,,,,,,,,,,,,,,,,,,,,,,,,,,,,,,,,,,,,,,,,,,,1.162917131,0.941189892,1.062524536,0.664252713,0.616694896,0.445865268,,,,,,,,,0.211331422,
Turkmenistan,TKM,"Intentional homicides, female (per 100,000 female)",VC.IHR.PSRC.FE.P5,,,,,,,,,,,,,,,,,,,,,,,,,,,,,,,,,,,,,,,,,,,,,,,,,,,,,,,,,,,,,,
Latin America & the Caribbean (IDA & IBRD countries),TLA,"Intentional homicides, female (per 100,000 female)",VC.IHR.PSRC.FE.P5,,,,,,,,,,,,,,,,,,,,,,,,,,,,,,,,,,,,,,,,,,,,,,,,,,,,,,,,,,,,,,
Timor-Leste,TLS,"Intentional homicides, female (per 100,000 female)",VC.IHR.PSRC.FE.P5,,,,,,,,,,,,,,,,,,,,,,,,,,,,,,,,,,,,,,,,,,,,,,,,,,,,,,,,,,,,,,
Middle East & North Africa (IDA & IBRD countries),TMN,"Intentional homicides, female (per 100,000 female)",VC.IHR.PSRC.FE.P5,,,,,,,,,,,,,,,,,,,,,,,,,,,,,,,,,,,,,,,,,,,,,,,,,,,,,,,,,,,,,,
Tonga,TON,"Intentional homicides, female (per 100,000 female)",VC.IHR.PSRC.FE.P5,,,,,,,,,,,,,,,,,,,,,,,,,,,,,,,,,,,,,,,,,0,2.064111297,2.04620327,0,0,0,0,0,1.93945036,5.790723261,0,0,1.949811843,,,,,,,1.915305204,,
South Asia (IDA & IBRD),TSA,"Intentional homicides, female (per 100,000 female)",VC.IHR.PSRC.FE.P5,,,,,,,,,,,,,,,,,,,,,,,,,,,,,,,,,,,,,,,,,,,,,,,,,,,,,,,,,,,,,,
Sub-Saharan Africa (IDA & IBRD countries),TSS,"Intentional homicides, female (per 100,000 female)",VC.IHR.PSRC.FE.P5,,,,,,,,,,,,,,,,,,,,,,,,,,,,,,,,,,,,,,,,,,,,,,,,,,,,,,,,,,,,,,
Trinidad and Tobago,TTO,"Intentional homicides, female (per 100,000 female)",VC.IHR.PSRC.FE.P5,,,,,,,,,,,,,,,,,,,,,,,,,,,,,,,,,,,,,,,,,,,,,4.002155007,5.970121836,5.177977756,4.546425827,8.596001502,6.001005168,7.889213924,4.446888586,6.625753864,5.703130141,6.537087074,4.187030313,,,,,,
Tunisia,TUN,"Intentional homicides, female (per 100,000 female)",VC.IHR.PSRC.FE.P5,,,,,,,,,,,,,,,,,,,,,,,,,,,,,,,,,,,,,,,,,,,,,,,,,,,,,,,,,,,,1.746727557,1.930221324,
Turkiye,TUR,"Intentional homicides, female (per 100,000 female)",VC.IHR.PSRC.FE.P5,,,,,,,,,,,,,,,,,,,,,,,,,,,,,,,,,,,,,,,,,,,,1.752711531,1.779556275,1.762847789,1.576975422,1.739693483,1.592895708,,1.724571935,1.684947815,1.597155524,,,1.033116111,1.088503209,1.03067122,1.054443885,1.121736899,0.882843154,
Tuvalu,TUV,"Intentional homicides, female (per 100,000 female)",VC.IHR.PSRC.FE.P5,,,,,,,,,,,,,,,,,,,,,,,,,,,,,,,,,,,,,,,,,,,,,,,,,,,,,,,,,,,,,,
Tanzania,TZA,"Intentional homicides, female (per 100,000 female)",VC.IHR.PSRC.FE.P5,,,,,,,,,,,,,,,,,,,,,,,,,,,,,,,,,,,,,,,,,,,,,,,,,,,2.474460419,2.433661851,2.209904256,2.033738821,,2.602136777,,,,,,
Uganda,UGA,"Intentional homicides, female (per 100,000 female)",VC.IHR.PSRC.FE.P5,,,,,,,,,,,,,,,,,,,,,,,,,,,,,,,,,,,,,,,,,,,,,,,,,2.487719068,,3.633424966,4.357416534,4.209603486,4.351524153,4.476711723,,4.518454962,3.986917556,,,,
Ukraine,UKR,"Intentional homicides, female (per 100,000 female)",VC.IHR.PSRC.FE.P5,,,,,,,,,,,,,,,,,,,,,,,,,,,,,,,2.827213578,2.793418483,3.277599682,3.656317932,4.119171159,4.199329759,4.96136565,4.428939006,4.492201779,4.741224408,5.013360005,5.73978674,5.123770979,4.969531155,4.387768948,3.813915481,3.632508464,,2.977257118,2.84987929,2.446920264,,,,,,,1.929688432,,,,
Upper middle income,UMC,"Intentional homicides, female (per 100,000 female)",VC.IHR.PSRC.FE.P5,,,,,,,,,,,,,,,,,,,,,,,,,,,,,,,,,,,,,,,,,,,,,,,,,,,,,,,,,,,,,,
Uruguay,URY,"Intentional homicides, female (per 100,000 female)",VC.IHR.PSRC.FE.P5,,,,,,,,,,,,,,,,,,,,,,,,,,,,,,,,,,,,,,,,,,,,,,,2.497171808,1.854312464,2.54281905,2.593072578,2.355797877,2.349146143,2.171026621,3.076125563,2.896438687,2.830710491,2.370021262,3.093250247,3.1950207,2.681800963,2.060832431,
United States,USA,"Intentional homicides, female (per 100,000 female)",VC.IHR.PSRC.FE.P5,,,,,,,,,,,,,,,,,,,,,,,,,,,,,,,4.010516963,4.18786616,3.991370448,4.211954167,3.757247227,3.732213688,3.297615497,3.006778118,2.963413408,2.678342606,2.594953123,3.089249703,2.581822367,2.515348062,2.397866498,2.382072317,2.423129178,2.4162644,2.333116626,2.276491941,2.117000106,2.069005402,2.07800756,1.980961924,1.976417647,2.055732329,2.277248681,2.249178199,2.235674579,2.157796503,2.60114453,
Uzbekistan,UZB,"Intentional homicides, female (per 100,000 female)",VC.IHR.PSRC.FE.P5,,,,,,,,,,,,,,,,,,,,,,,,,,,,,,,,,,,,,,,,,,,,,,,,,,,,,,,,1.391508436,1.635559239,1.278940952,1.080900156,0.834764986,,
St. Vincent and the Grenadines,VCT,"Intentional homicides, female (per 100,000 female)",VC.IHR.PSRC.FE.P5,,,,,,,,,,,,,,,,,,,,,,,,,,,,,,,,,,,,,,,,,,,,,11.56210712,13.02446739,11.46736388,16.60357309,5.619345534,6.480090158,5.643553181,,,,,,7.440753004,9.26183199,12.90727048,0,,
"Venezuela, RB",VEN,"Intentional homicides, female (per 100,000 female)",VC.IHR.PSRC.FE.P5,,,,,,,,,,,,,,,,,,,,,,,,,,,,,,,1.919228475,,2.270679913,2.950581973,3.081996793,,3.19927677,3.115992721,3.232669034,3.569147983,4.315230092,3.937459921,6.751435001,5.411908367,4.611449901,4.214978231,4.990570924,4.932406438,5.314652366,5.426188461,5.537723589,5.557347133,6.38836445,,,4.831903625,5.358849435,5.306595991,,,,
British Virgin Islands,VGB,"Intentional homicides, female (per 100,000 female)",VC.IHR.PSRC.FE.P5,,,,,,,,,,,,,,,,,,,,,,,,,,,,,,,,,0,0,0,0,0,,,,,0,0,,,,,,,,,,,,,,,,,,,
Virgin Islands (U.S.),VIR,"Intentional homicides, female (per 100,000 female)",VC.IHR.PSRC.FE.P5,,,,,,,,,,,,,,,,,,,,,,,,,,,,,,,,,,,,,,10.72079477,3.564236451,7.117944338,5.335325188,3.558908839,8.912179384,5.35943976,1.790830946,5.384546352,7.193338968,5.402485143,3.606527815,3.61036898,12.65388022,5.431437158,3.626999383,,,,,,,,,
Vietnam,VNM,"Intentional homicides, female (per 100,000 female)",VC.IHR.PSRC.FE.P5,,,,,,,,,,,,,,,,,,,,,,,,,,,,,,,,,,,,,,,,,,,,,,,,,,,,,,,,,,,,,,
Vanuatu,VUT,"Intentional homicides, female (per 100,000 female)",VC.IHR.PSRC.FE.P5,,,,,,,,,,,,,,,,,,,,,,,,,,,,,,,,,,,,,,,,,,,,,,,,,,,,,,,,,,,,0.676388626,0.660240327,
World,WLD,"Intentional homicides, female (per 100,000 female)",VC.IHR.PSRC.FE.P5,,,,,,,,,,,,,,,,,,,,,,,,,,,,,,,2.596193615,2.681766021,2.773525089,2.871968216,2.848598865,2.820508548,2.742210848,2.672693541,2.672092472,2.622789992,2.638696296,2.677088285,2.626618481,2.553788119,2.532575842,2.413629748,2.326517036,2.302564724,2.241586349,2.400612795,2.36203016,2.328765975,2.306207841,2.245553882,2.208701871,2.13767806,2.159112974,2.112608766,2.089601636,2.045237022,2.015786307,
Samoa,WSM,"Intentional homicides, female (per 100,000 female)",VC.IHR.PSRC.FE.P5,,,,,,,,,,,,,,,,,,,,,,,,,,,,,,,,,,,,,,,,,,,,,,,,,,,,,,,,,,,,,,
Kosovo,XKX,"Intentional homicides, female (per 100,000 female)",VC.IHR.PSRC.FE.P5,,,,,,,,,,,,,,,,,,,,,,,,,,,,,,,,,,,,,,,,,,,,,,,,,2.960801507,1.258021549,2.26901269,1.012321722,1.22754944,0.441756532,1.326942734,1.118059844,0.887356118,1.444109853,1.001263319,,,
"Yemen, Rep.",YEM,"Intentional homicides, female (per 100,000 female)",VC.IHR.PSRC.FE.P5,,,,,,,,,,,,,,,,,,,,,,,,,,,,,,,,,,,,,,,,,,,,,,,,,,,,,,,,,,,,,,
South Africa,ZAF,"Intentional homicides, female (per 100,000 female)",VC.IHR.PSRC.FE.P5,,,,,,,,,,,,,,,,,,,,,,,,,,,,,,,,,,,,,,,,,,,,,,,11.09481793,10.76130392,10.09106849,10.1500675,10.56708762,9.109179332,,,,,9.268776103,10.14250953,9.45816846,,,
Zambia,ZMB,"Intentional homicides, female (per 100,000 female)",VC.IHR.PSRC.FE.P5,,,,,,,,,,,,,,,,,,,,,,,,,,,,,,,,,,,,,,,,,,,,,,,,,,,,,,,,,,,,,,
Zimbabwe,ZWE,"Intentional homicides, female (per 100,000 female)",VC.IHR.PSRC.FE.P5,,,,,,,,,,,,,,,,,,,,,,,,,,,,,,,3.491389623,,,,,,,,,,,,,,,,,,,,,,,,,,,,,,,